P_DESCRIPT,P_QOH,P_PRICE,V_CODE
"Power painter, 15 psi. 3-nozzle",8,109.99,25595
"Hrd. cloth, 1/4-in., 2x50",15,39.95,23119
"Hrd. cloth, 1/2-in., 3x50",23,43.99,23119
"B&D jigsaw, 12-in. blade",8,109.92,24288
"B&D jigsaw, 8-in. blade",6,99.87,24288
"B&D cordless drill, 1/2-in.",12,38.95,25595
"Claw hammer",23,9.95,21225
"Hicut chain saw, 16 in.",11,256.99,24288
"1.25-in. metal screw, 25",172,6.99,21225
"2.5-in. wd. screw, 50",237,8.45,21231
"Steel matting, 4'x8'x1/6", .5" mesh",18,119.95,25595
